{"cameraMode":{"drawMode":0,"name":"Shaded","section":"Shading Mode"},"sceneLighting":false,"audioPlay":false,"sceneViewState":{"showFog":true,"showMaterialUpdate":true,"showSkybox":true,"showFlares":true,"showImageEffects":true,"showParticleSystems":true},"in2DMode":false,"pivot":{"x":-40.658470153808597,"y":11.222779273986817,"z":190.16282653808595},"rotation":{"x":0.09681662172079086,"y":0.3615157902240753,"z":-0.03777128830552101,"w":0.9265733361244202},"size":16.869741439819337,"orthographic":false}