{"cameraMode":{"drawMode":0,"name":"Shaded","section":"Shading Mode"},"sceneLighting":false,"audioPlay":false,"sceneViewState":{"showFog":true,"showMaterialUpdate":true,"showSkybox":true,"showFlares":true,"showImageEffects":true,"showParticleSystems":true},"in2DMode":false,"pivot":{"x":-121.81316375732422,"y":-311.21099853515627,"z":3.633133888244629},"rotation":{"x":-0.0073179504834115509,"y":0.8671769499778748,"z":-0.497791051864624,"w":-0.012747104279696942},"size":248.26461791992188,"orthographic":false}